<?xml version="1.0" encoding="UTF-8"?>
<template name="getSearchArtist" xmlns="http://ws.apache.org/ns/synapse">
	<parameter name="query" description="The query" />
	<sequence>
		<property expression="$func:query" name="uri.var.query" />
		<property name="Accept-Encoding" action="remove" scope="transport"/>
		<property name="messageType" scope="axis2" value="application/json"/>
		<call>
			<endpoint>
				<http method="get" uri-template="https://api.spotify.com/v1/search?q={uri.var.query}&amp;type=artist" />
			</endpoint>
		</call>
	</sequence>
</template>